RegionName,date,HouseRegionMedianPrice
East Midlands,12/31/1995,45950
East Midlands, 3/31/1996,45995
East Midlands, 6/30/1996,46000
East Midlands, 9/30/1996,46500
East Midlands,12/31/1996,47500
East Midlands, 3/31/1997,48000
East Midlands, 6/30/1997,49000
East Midlands, 9/30/1997,49950
East Midlands,12/31/1997,50000
East Midlands, 3/31/1998,51000
East Midlands, 6/30/1998,52000
East Midlands, 9/30/1998,53000
East Midlands,12/31/1998,53500
East Midlands, 3/31/1999,54000
East Midlands, 6/30/1999,55000
East Midlands, 9/30/1999,56000
East Midlands,12/31/1999,57500
East Midlands, 3/31/2000,58500
East Midlands, 6/30/2000,59900
East Midlands, 9/30/2000,60000
East Midlands,12/31/2000,61500
East Midlands, 3/31/2001,63500
East Midlands, 6/30/2001,65950
East Midlands, 9/30/2001,68000
East Midlands,12/31/2001,70000
East Midlands, 3/31/2002,72250
East Midlands, 6/30/2002,75000
East Midlands, 9/30/2002,79995
East Midlands,12/31/2002,85000
East Midlands, 3/31/2003,89000
East Midlands, 6/30/2003,94000
East Midlands, 9/30/2003,99950
East Midlands,12/31/2003,107000
East Midlands, 3/31/2004,112000
East Midlands, 6/30/2004,117950
East Midlands, 9/30/2004,123000
East Midlands,12/31/2004,126302
East Midlands, 3/31/2005,129950
East Midlands, 6/30/2005,130000
East Midlands, 9/30/2005,130500
East Midlands, 9/30/2009,132000
East Midlands, 3/31/2006,132000
East Midlands,12/31/2005,132000
East Midlands, 6/30/2009,132500
East Midlands, 6/30/2006,134000
East Midlands, 9/30/2006,135000
East Midlands, 3/31/2009,135000
East Midlands,12/31/2009,135000
East Midlands, 3/31/2010,136000
East Midlands,12/31/2011,136000
East Midlands, 3/31/2012,136500
East Midlands, 6/30/2012,136950
East Midlands, 9/30/2011,136995
East Midlands,12/31/2006,137000
East Midlands, 9/30/2012,137386
East Midlands,12/31/2008,138000
East Midlands, 6/30/2010,138000
East Midlands,12/31/2012,138000
East Midlands, 6/30/2011,138000
East Midlands, 3/31/2013,138000
East Midlands,12/31/2010,139000
East Midlands, 6/30/2013,139000
East Midlands, 3/31/2011,139000
East Midlands, 3/31/2007,139075
East Midlands, 9/30/2013,140000
East Midlands, 9/30/2010,140000
East Midlands, 6/30/2007,140000
East Midlands,12/31/2013,141500
East Midlands, 9/30/2008,142000
East Midlands, 9/30/2007,142995
East Midlands, 3/31/2014,143000
East Midlands, 6/30/2008,144000
East Midlands,12/31/2007,144500
East Midlands, 6/30/2014,145000
East Midlands, 3/31/2008,145000
East Midlands, 9/30/2014,148500
East Midlands,12/31/2014,150000
East Midlands, 3/31/2015,152000
East Midlands, 6/30/2015,155000
East Midlands, 9/30/2015,157000
East Midlands, 3/31/2016,160000
East Midlands,12/31/2015,160000
East Midlands, 6/30/2016,164000
East Midlands, 9/30/2016,165250
East Midlands,12/31/2016,168500
East Midlands, 3/31/2017,172000
East Midlands, 6/30/2017,175000
East Midlands, 9/30/2017,176995
East Midlands,12/31/2017,180000
East Midlands,  4/1/2018,181000
East Midlands,  6/1/2018,184500
East Midlands,  9/1/2018,186000
East Midlands, 12/1/2018,189950
East Midlands,  3/1/2019,190000
East Midlands,  6/1/2019,191000
East Midlands,  9/1/2019,192500
East Midlands, 12/1/2019,195000
East Midlands,  3/1/2020,195000
East Midlands,  6/1/2020,195000
East Midlands,  9/1/2020,199950
East Midlands, 12/1/2020,205000
East Midlands,  3/1/2021,213500
East of England, 3/31/1996,57000
East of England, 6/30/1996,57000
East of England,12/31/1995,57500
East of England, 9/30/1996,58000
East of England,12/31/1996,58950
East of England, 3/31/1997,59500
East of England, 6/30/1997,60000
East of England, 9/30/1997,62000
East of England,12/31/1997,63500
East of England, 3/31/1998,64950
East of England, 6/30/1998,66000
East of England, 9/30/1998,67750
East of England,12/31/1998,69000
East of England, 3/31/1999,69995
East of England, 6/30/1999,71000
East of England, 9/30/1999,73995
East of England,12/31/1999,76000
East of England, 3/31/2000,78000
East of England, 6/30/2000,80000
East of England, 9/30/2000,84000
East of England,12/31/2000,86500
East of England, 3/31/2001,88950
East of England, 6/30/2001,92000
East of England, 9/30/2001,95500
East of England,12/31/2001,99995
East of England, 3/31/2002,105000
East of England, 6/30/2002,110000
East of England, 9/30/2002,118500
East of England,12/31/2002,125000
East of England, 3/31/2003,130000
East of England, 6/30/2003,136000
East of England, 9/30/2003,140000
East of England,12/31/2003,145500
East of England, 3/31/2004,149995
East of England, 6/30/2004,154800
East of England, 9/30/2004,159995
East of England,12/31/2004,164000
East of England, 3/31/2005,165000
East of England, 6/30/2005,168000
East of England, 9/30/2005,169000
East of England,12/31/2005,169995
East of England, 3/31/2006,170000
East of England, 6/30/2006,172000
East of England,12/31/2009,175000
East of England, 9/30/2009,175000
East of England, 9/30/2006,175000
East of England, 6/30/2009,175000
East of England,12/31/2006,178000
East of England, 3/31/2010,179000
East of England, 3/31/2007,180000
East of England, 3/31/2009,180000
East of England, 6/30/2007,184000
East of England, 6/30/2010,185000
East of England,12/31/2008,186000
East of England, 9/30/2007,186950
East of England, 9/30/2010,189000
East of England, 3/31/2012,189950
East of England,12/31/2011,189995
East of England,12/31/2007,190000
East of England, 9/30/2011,190000
East of England, 6/30/2012,190000
East of England, 6/30/2011,190000
East of England, 9/30/2008,190000
East of England, 9/30/2012,190000
East of England, 3/31/2008,192000
East of England, 3/31/2011,192000
East of England,12/31/2012,193000
East of England, 6/30/2008,193000
East of England,12/31/2010,195000
East of England, 3/31/2013,195000
East of England, 6/30/2013,195000
East of England, 9/30/2013,197000
East of England, 3/31/2014,200000
East of England,12/31/2013,200000
East of England, 6/30/2014,205000
East of England, 9/30/2014,210000
East of England,12/31/2014,215000
East of England, 3/31/2015,220000
East of England, 6/30/2015,225000
East of England, 9/30/2015,230000
East of England,12/31/2015,238000
East of England, 3/31/2016,240000
East of England, 6/30/2016,247000
East of England, 9/30/2016,250000
East of England,12/31/2016,258000
East of England, 3/31/2017,265000
East of England, 6/30/2017,270000
East of England, 9/30/2017,275000
East of England,12/31/2017,278000
East of England,  4/1/2018,280000
East of England,  6/1/2018,280000
East of England,  9/1/2018,284995
East of England, 12/1/2018,285000
East of England,  3/1/2019,285000
East of England,  6/1/2019,287000
East of England,  9/1/2019,287500
East of England, 12/1/2019,289000
East of England,  6/1/2020,290000
East of England,  3/1/2020,290000
East of England,  9/1/2020,295000
East of England, 12/1/2020,305000
East of England,  3/1/2021,318000
London,12/31/1995,72950
London, 3/31/1996,73000
London, 6/30/1996,74000
London, 9/30/1996,75000
London,12/31/1996,77000
London, 3/31/1997,79000
London, 6/30/1997,80995
London, 9/30/1997,83500
London,12/31/1997,86000
London, 3/31/1998,88000
London, 6/30/1998,91000
London, 9/30/1998,94950
London,12/31/1998,96500
London, 3/31/1999,99950
London, 6/30/1999,105000
London, 9/30/1999,111000
London,12/31/1999,118000
London, 3/31/2000,123500
London, 6/30/2000,129000
London, 9/30/2000,134000
London,12/31/2000,138000
London, 3/31/2001,141000
London, 6/30/2001,145000
London, 9/30/2001,150000
London,12/31/2001,155000
London, 3/31/2002,159475
London, 6/30/2002,165000
London, 9/30/2002,174000
London,12/31/2002,180000
London, 3/31/2003,186500
London, 6/30/2003,190000
London, 9/30/2003,195000
London,12/31/2003,200000
London, 3/31/2004,205000
London, 6/30/2004,210000
London, 9/30/2004,217000
London,12/31/2004,220000
London, 3/31/2005,225000
London, 6/30/2005,226995
London, 9/30/2005,229000
London,12/31/2005,230000
London, 3/31/2006,232000
London, 6/30/2006,235000
London, 9/30/2006,240000
London,12/31/2006,245000
London, 3/31/2007,248000
London, 6/30/2007,249999
London, 9/30/2009,250000
London, 6/30/2009,250000
London, 3/31/2009,250000
London,12/31/2009,250000
London, 9/30/2007,250000
London,12/31/2008,259000
London,12/31/2007,263000
London, 3/31/2010,265000
London, 9/30/2008,265000
London, 3/31/2008,267000
London, 6/30/2008,270000
London, 6/30/2010,275000
London, 9/30/2010,280000
London,12/31/2010,287500
London, 3/31/2012,289950
London, 6/30/2011,290000
London, 3/31/2011,290000
London,12/31/2011,292750
London, 9/30/2011,292800
London, 6/30/2012,295000
London, 9/30/2012,297500
London,12/31/2012,300000
London, 3/31/2013,310000
London, 6/30/2013,310000
London, 9/30/2013,315000
London,12/31/2013,323082.5
London, 3/31/2014,330000
London, 6/30/2014,341000
London, 9/30/2014,353000
London,12/31/2014,365000
London, 3/31/2015,375000
London, 6/30/2015,380000
London, 9/30/2015,390000
London,12/31/2015,400000
London, 3/31/2016,418500
London, 6/30/2016,426000
London, 9/30/2016,435000
London,12/31/2016,442000
London, 3/31/2017,445000
London, 6/30/2017,450000
London, 9/30/2017,460000
London,12/31/2017,465000
London,  6/1/2018,465500
London,  4/1/2018,467000
London,  9/1/2018,467500
London,  6/1/2019,467500
London,  3/1/2019,467500
London, 12/1/2018,467500
London,  9/1/2019,470000
London, 12/1/2019,475000
London,  3/1/2020,475918
London,  6/1/2020,478000
London,  9/1/2020,485000
London, 12/1/2020,495000
London,  3/1/2021,507000
North East,12/31/1995,42310
North East, 3/31/1996,42500
North East, 6/30/1996,42950
North East, 9/30/1996,43500
North East,12/31/1996,44500
North East, 3/31/1997,45000
North East, 6/30/1997,45950
North East, 9/30/1997,46500
North East,12/31/1997,46995
North East, 3/31/1998,47000
North East, 9/30/1998,47500
North East, 6/30/1998,47500
North East,12/31/1998,48000
North East, 3/31/1999,48500
North East, 6/30/1999,49000
North East, 9/30/1999,50000
North East,12/31/1999,50500
North East, 3/31/2000,51000
North East, 6/30/2000,52000
North East, 3/31/2001,52000
North East,12/31/2000,52000
North East, 9/30/2000,52000
North East, 6/30/2001,52500
North East, 9/30/2001,53750
North East,12/31/2001,55000
North East, 3/31/2002,56000
North East, 6/30/2002,57950
North East, 9/30/2002,59500
North East,12/31/2002,60000
North East, 3/31/2003,64000
North East, 6/30/2003,67500
North East, 9/30/2003,72000
North East,12/31/2003,77950
North East, 3/31/2004,81000
North East, 6/30/2004,87000
North East, 9/30/2004,92000
North East,12/31/2004,96000
North East, 3/31/2005,99950
North East, 6/30/2005,102000
North East, 9/30/2005,105000
North East,12/31/2005,108943.5
North East, 3/31/2006,110000
North East, 6/30/2006,115000
North East, 9/30/2006,117000
North East, 3/31/2012,117500
North East,12/31/2011,117500
North East, 6/30/2012,117500
North East, 6/30/2009,118000
North East, 9/30/2009,118000
North East, 9/30/2011,118950
North East, 9/30/2012,119000
North East,12/31/2006,119000
North East, 3/31/2009,119995
North East, 6/30/2007,120000
North East,12/31/2012,120000
North East,12/31/2009,120000
North East, 6/30/2013,120000
North East, 3/31/2013,120000
North East,12/31/2008,120000
North East, 3/31/2007,120000
North East, 6/30/2011,120000
North East, 9/30/2013,121000
North East, 9/30/2007,122000
North East, 3/31/2011,122000
North East, 9/30/2008,122000
North East, 3/31/2010,122000
North East,12/31/2010,122000
North East,12/31/2013,122500
North East,12/31/2007,122500
North East, 3/31/2008,123000
North East, 6/30/2010,123000
North East, 6/30/2008,123000
North East, 3/31/2014,124000
North East, 9/30/2010,124950
North East, 6/30/2014,124995
North East, 9/30/2014,125000
North East,12/31/2014,125897.5
North East, 3/31/2015,128650
North East, 6/30/2015,130000
North East, 9/30/2015,130500
North East, 3/31/2016,132000
North East,12/31/2015,132500
North East, 6/30/2016,133000
North East, 9/30/2016,133500
North East,12/31/2016,134950
North East, 3/31/2017,135000
North East, 9/30/2017,135000
North East, 6/30/2017,135000
North East,12/31/2017,136000
North East,  4/1/2018,137500
North East,  6/1/2018,138000
North East,  9/1/2018,139995
North East, 12/1/2018,140000
North East,  3/1/2019,140000
North East,  6/1/2019,140000
North East,  6/1/2020,141500
North East, 12/1/2019,142000
North East,  9/1/2019,142000
North East,  9/1/2020,142000
North East,  3/1/2020,142500
North East, 12/1/2020,145000
North East,  3/1/2021,147000
North West, 6/30/1996,45000
North West,12/31/1995,45000
North West, 3/31/1996,45000
North West, 9/30/1996,45750
North West,12/31/1996,46320
North West, 3/31/1997,47000
North West, 6/30/1997,48000
North West, 9/30/1997,48500
North West,12/31/1997,49000
North West, 3/31/1998,49450
North West, 6/30/1998,49950
North West,12/31/1998,50000
North West, 9/30/1998,50000
North West, 3/31/1999,51000
North West, 6/30/1999,51500
North West, 9/30/1999,52500
North West,12/31/1999,53635
North West, 3/31/2000,54500
North West, 6/30/2000,55000
North West, 9/30/2000,56000
North West,12/31/2000,56500
North West, 3/31/2001,57000
North West, 6/30/2001,58000
North West, 9/30/2001,59950
North West,12/31/2001,60000
North West, 3/31/2002,62000
North West, 6/30/2002,64950
North West, 9/30/2002,67500
North West,12/31/2002,70000
North West, 3/31/2003,73500
North West, 6/30/2003,76500
North West, 9/30/2003,80000
North West,12/31/2003,85000
North West, 3/31/2004,89500
North West, 6/30/2004,95000
North West, 9/30/2004,100636
North West,12/31/2004,108000
North West, 3/31/2005,112000
North West, 6/30/2005,115000
North West, 9/30/2005,116500
North West,12/31/2005,119000
North West, 3/31/2006,119995
North West, 6/30/2006,121000
North West, 9/30/2009,125000
North West, 6/30/2009,125000
North West, 9/30/2006,125000
North West, 3/31/2009,127000
North West,12/31/2011,127000
North West, 9/30/2011,127500
North West,12/31/2006,127900
North West, 3/31/2012,128000
North West, 6/30/2012,129000
North West, 9/30/2012,129000
North West, 6/30/2011,129000
North West,12/31/2008,129950
North West, 3/31/2013,129950
North West, 6/30/2013,130000
North West, 3/31/2007,130000
North West, 6/30/2010,130000
North West, 3/31/2010,130000
North West, 3/31/2011,130000
North West,12/31/2012,130000
North West,12/31/2009,130000
North West, 9/30/2013,130000
North West,12/31/2010,130000
North West, 6/30/2007,131500
North West,12/31/2013,132000
North West, 9/30/2010,132000
North West, 9/30/2008,132500
North West, 3/31/2014,133000
North West, 9/30/2007,133500
North West, 6/30/2008,134950
North West,12/31/2007,134950
North West, 6/30/2014,135000
North West, 3/31/2008,135000
North West, 9/30/2014,137000
North West,12/31/2014,138500
North West, 6/30/2015,140000
North West, 3/31/2015,140000
North West, 9/30/2015,142500
North West,12/31/2015,145000
North West, 3/31/2016,145000
North West, 6/30/2016,146000
North West, 9/30/2016,148000
North West,12/31/2016,150000
North West, 3/31/2017,151952
North West, 6/30/2017,152500
North West, 9/30/2017,155000
North West,12/31/2017,157000
North West,  4/1/2018,158000
North West,  6/1/2018,160000
North West,  9/1/2018,160000
North West, 12/1/2018,161000
North West,  3/1/2019,162000
North West,  6/1/2019,164843
North West,  9/1/2019,165000
North West, 12/1/2019,167500
North West,  6/1/2020,170000
North West,  9/1/2020,170000
North West,  3/1/2020,170000
North West, 12/1/2020,175000
North West,  3/1/2021,181250
South East,12/31/1995,65000
South East, 3/31/1996,65250
South East, 6/30/1996,66000
South East, 9/30/1996,67500
South East,12/31/1996,68500
South East, 3/31/1997,69500
South East, 6/30/1997,70950
South East, 9/30/1997,72500
South East,12/31/1997,74500
South East, 3/31/1998,76000
South East, 6/30/1998,78500
South East, 9/30/1998,81000
South East,12/31/1998,83000
South East, 3/31/1999,84500
South East, 6/30/1999,86000
South East, 9/30/1999,89000
South East,12/31/1999,92500
South East, 3/31/2000,95500
South East, 6/30/2000,100000
South East, 9/30/2000,106950
South East,12/31/2000,112000
South East, 3/31/2001,115000
South East, 6/30/2001,119000
South East, 9/30/2001,123000
South East,12/31/2001,126000
South East, 3/31/2002,129000
South East, 6/30/2002,134000
South East, 9/30/2002,140000
South East,12/31/2002,148000
South East, 3/31/2003,153000
South East, 6/30/2003,159950
South East, 9/30/2003,165000
South East,12/31/2003,169950
South East, 3/31/2004,172000
South East, 6/30/2004,176000
South East, 9/30/2004,181000
South East,12/31/2004,185000
South East, 3/31/2005,188000
South East, 9/30/2005,190000
South East, 6/30/2005,190000
South East,12/31/2005,192000
South East, 3/31/2006,192500
South East, 6/30/2006,195000
South East, 9/30/2006,199000
South East, 9/30/2009,200000
South East, 6/30/2009,200000
South East,12/31/2006,202500
South East,12/31/2009,203000
South East, 3/31/2007,205000
South East, 3/31/2009,210000
South East, 6/30/2007,210000
South East, 3/31/2010,210000
South East, 9/30/2007,215000
South East,12/31/2008,215000
South East, 6/30/2010,216000
South East,12/31/2007,219950
South East, 9/30/2008,220000
South East, 3/31/2008,220500
South East, 3/31/2012,221000
South East,12/31/2011,223000
South East, 9/30/2010,223000
South East, 6/30/2008,223000
South East, 9/30/2011,224950
South East, 9/30/2012,225000
South East, 6/30/2011,225000
South East, 6/30/2012,225000
South East, 3/31/2011,225950
South East,12/31/2010,229000
South East,12/31/2012,229200
South East, 3/31/2013,230000
South East, 6/30/2013,232000
South East, 9/30/2013,234000
South East,12/31/2013,235000
South East, 3/31/2014,238000
South East, 6/30/2014,240000
South East, 9/30/2014,245000
South East,12/31/2014,249950
South East, 3/31/2015,250000
South East, 6/30/2015,254000
South East, 9/30/2015,265000
South East,12/31/2015,273500
South East, 3/31/2016,279345
South East, 6/30/2016,285000
South East, 9/30/2016,290000
South East,12/31/2016,295500
South East, 3/31/2017,301950
South East, 6/30/2017,306000
South East, 9/30/2017,310000
South East,12/31/2017,315000
South East,  4/1/2018,317000
South East,  6/1/2018,320000
South East,  9/1/2018,320000
South East,  3/1/2019,320000
South East, 12/1/2018,320000
South East,  6/1/2019,321000
South East,  9/1/2019,323000
South East,  3/1/2020,325000
South East,  6/1/2020,325000
South East, 12/1/2019,325000
South East,  9/1/2020,330000
South East, 12/1/2020,343000
South East,  3/1/2021,360000
South West, 3/31/1996,55000
South West,12/31/1995,55000
South West, 6/30/1996,55500
South West, 9/30/1996,56500
South West,12/31/1996,57250
South West, 3/31/1997,58000
South West, 6/30/1997,59000
South West, 9/30/1997,59950
South West,12/31/1997,60000
South West, 3/31/1998,62000
South West, 6/30/1998,64000
South West, 9/30/1998,65000
South West,12/31/1998,66500
South West, 3/31/1999,67450
South West, 6/30/1999,68950
South West, 9/30/1999,71000
South West,12/31/1999,74000
South West, 3/31/2000,76000
South West, 6/30/2000,79500
South West, 9/30/2000,82000
South West,12/31/2000,85000
South West, 3/31/2001,86500
South West, 6/30/2001,89950
South West, 9/30/2001,93000
South West,12/31/2001,96500
South West, 3/31/2002,100000
South West, 6/30/2002,107500
South West, 9/30/2002,115000
South West,12/31/2002,123000
South West, 3/31/2003,128000
South West, 6/30/2003,134950
South West, 9/30/2003,139950
South West,12/31/2003,145000
South West, 3/31/2004,148000
South West, 6/30/2004,153000
South West, 9/30/2004,159950
South West,12/31/2004,164950
South West, 3/31/2005,167500
South West, 6/30/2005,169950
South West,12/31/2005,169950
South West, 9/30/2005,169950
South West, 3/31/2006,169950
South West, 6/30/2006,171000
South West, 6/30/2009,175000
South West, 9/30/2009,175000
South West, 9/30/2006,175000
South West,12/31/2009,175000
South West, 3/31/2010,178000
South West,12/31/2006,178000
South West, 3/31/2007,180000
South West, 3/31/2009,180000
South West, 6/30/2010,183000
South West, 6/30/2007,185000
South West, 3/31/2012,185000
South West,12/31/2011,185000
South West, 6/30/2012,185000
South West,12/31/2008,185000
South West, 9/30/2011,185000
South West, 9/30/2012,186500
South West, 9/30/2010,187000
South West,12/31/2012,187500
South West, 9/30/2007,187995
South West, 6/30/2013,188000
South West, 3/31/2013,188000
South West, 6/30/2011,188000
South West, 9/30/2013,189950
South West, 9/30/2008,190000
South West, 3/31/2011,190000
South West,12/31/2013,190000
South West,12/31/2007,190000
South West,12/31/2010,190000
South West, 3/31/2014,192000
South West, 3/31/2008,192500
South West, 6/30/2008,192500
South West, 6/30/2014,195000
South West, 9/30/2014,199000
South West,12/31/2014,200495
South West, 3/31/2015,205000
South West, 6/30/2015,209950
South West, 9/30/2015,212000
South West,12/31/2015,216000
South West, 3/31/2016,218997.5
South West, 6/30/2016,221700
South West, 9/30/2016,225000
South West,12/31/2016,229950
South West, 3/31/2017,234000
South West, 6/30/2017,235000
South West, 9/30/2017,240000
South West,12/31/2017,242500
South West,  4/1/2018,245000
South West,  6/1/2018,246212.5
South West,  9/1/2018,249500
South West,  3/1/2019,250000
South West, 12/1/2018,250000
South West,  6/1/2019,250999.5
South West,  9/1/2019,252000
South West, 12/1/2019,253000
South West,  6/1/2020,255000
South West,  3/1/2020,255000
South West,  9/1/2020,260000
South West, 12/1/2020,270000
South West,  3/1/2021,282000
Wales,12/31/1995,44000
Wales, 3/31/1996,44000
Wales, 6/30/1996,44500
Wales,12/31/1996,45000
Wales, 9/30/1996,45000
Wales, 3/31/1997,45500
Wales, 6/30/1997,46500
Wales, 9/30/1997,47000
Wales,12/31/1997,47950
Wales, 3/31/1998,48000
Wales, 6/30/1998,48500
Wales, 9/30/1998,49000
Wales,12/31/1998,49500
Wales, 3/31/1999,50000
Wales, 6/30/1999,50000
Wales, 9/30/1999,52000
Wales,12/31/1999,53000
Wales, 3/31/2000,54000
Wales, 6/30/2000,55000
Wales, 9/30/2000,56000
Wales,12/31/2000,56500
Wales, 3/31/2001,57000
Wales, 6/30/2001,58000
Wales, 9/30/2001,59950
Wales,12/31/2001,60000
Wales, 3/31/2002,61745
Wales, 6/30/2002,64950
Wales, 9/30/2002,67500
Wales,12/31/2002,71000
Wales, 3/31/2003,74950
Wales, 6/30/2003,78000
Wales, 9/30/2003,82500
Wales,12/31/2003,88000
Wales, 3/31/2004,92000
Wales, 6/30/2004,98500
Wales, 9/30/2004,109000
Wales,12/31/2004,115000
Wales, 3/31/2005,119950
Wales, 6/30/2005,122000
Wales, 9/30/2005,124000
Wales,12/31/2005,125000
Wales, 3/31/2006,125000
Wales, 6/30/2006,128000
Wales, 6/30/2009,130000
Wales, 9/30/2006,130000
Wales, 9/30/2009,130000
Wales,12/31/2011,130000
Wales, 9/30/2011,130950
Wales, 3/31/2010,132000
Wales, 6/30/2011,132500
Wales,12/31/2009,132500
Wales, 3/31/2012,132500
Wales, 6/30/2012,132500
Wales,12/31/2006,132950
Wales, 9/30/2012,133000
Wales,12/31/2012,133000
Wales, 3/31/2013,133000
Wales, 6/30/2013,133000
Wales, 3/31/2009,133100
Wales, 9/30/2013,133500
Wales, 3/31/2011,134950
Wales, 9/30/2010,135000
Wales,12/31/2008,135000
Wales, 3/31/2014,135000
Wales,12/31/2010,135000
Wales,12/31/2013,135000
Wales, 3/31/2007,135000
Wales, 6/30/2010,135000
Wales, 6/30/2014,136000
Wales, 6/30/2007,137000
Wales, 9/30/2008,138000
Wales, 9/30/2014,138000
Wales, 9/30/2007,139000
Wales, 6/30/2008,140000
Wales, 3/31/2015,140000
Wales, 3/31/2008,140000
Wales,12/31/2014,140000
Wales,12/31/2007,140000
Wales, 6/30/2015,142000
Wales, 9/30/2015,142950
Wales,12/31/2015,144950
Wales, 3/31/2016,145000
Wales, 6/30/2016,146500
Wales, 9/30/2016,148000
Wales,12/31/2016,149000
Wales, 3/31/2017,150000
Wales, 6/30/2017,150000
Wales, 9/30/2017,150000
Wales,12/31/2017,152000
Wales,  4/1/2018,154000
Wales,  6/1/2018,155000
Wales,  9/1/2018,156000
Wales, 12/1/2018,157500
Wales,  3/1/2019,158000
Wales,  9/1/2019,160000
Wales,  6/1/2019,160000
Wales, 12/1/2019,162972.5
Wales,  6/1/2020,165000
Wales,  3/1/2020,165000
Wales,  9/1/2020,165000
Wales, 12/1/2020,170000
Wales,  3/1/2021,175000
West Midlands,12/31/1995,49500
West Midlands, 3/31/1996,49500
West Midlands, 6/30/1996,49950
West Midlands, 9/30/1996,50000
West Midlands,12/31/1996,51000
West Midlands, 3/31/1997,52000
West Midlands, 6/30/1997,53000
West Midlands, 9/30/1997,54000
West Midlands,12/31/1997,54500
West Midlands, 3/31/1998,55000
West Midlands, 6/30/1998,55250
West Midlands, 9/30/1998,56000
West Midlands,12/31/1998,57000
West Midlands, 3/31/1999,57950
West Midlands, 6/30/1999,58800
West Midlands, 9/30/1999,59950
West Midlands,12/31/1999,60000
West Midlands, 3/31/2000,63000
West Midlands, 6/30/2000,64576
West Midlands, 9/30/2000,65500
West Midlands,12/31/2000,67000
West Midlands, 3/31/2001,68500
West Midlands, 6/30/2001,70500
West Midlands, 9/30/2001,73500
West Midlands,12/31/2001,76000
West Midlands, 3/31/2002,78000
West Midlands, 6/30/2002,81000
West Midlands, 9/30/2002,85000
West Midlands,12/31/2002,89950
West Midlands, 3/31/2003,93000
West Midlands, 6/30/2003,97000
West Midlands, 9/30/2003,103000
West Midlands,12/31/2003,110000
West Midlands, 3/31/2004,115000
West Midlands, 6/30/2004,119995
West Midlands, 9/30/2004,125000
West Midlands,12/31/2004,128500
West Midlands, 3/31/2005,130000
West Midlands, 6/30/2005,133000
West Midlands, 9/30/2005,133000
West Midlands,12/31/2005,134000
West Midlands, 3/31/2006,135000
West Midlands, 6/30/2006,137000
West Midlands, 6/30/2009,138000
West Midlands, 9/30/2009,139950
West Midlands, 9/30/2006,140000
West Midlands, 3/31/2009,140000
West Midlands,12/31/2009,142000
West Midlands,12/31/2008,142000
West Midlands,12/31/2006,142500
West Midlands,12/31/2011,142500
West Midlands, 3/31/2010,143000
West Midlands, 3/31/2012,143500
West Midlands, 3/31/2007,143500
West Midlands, 6/30/2012,143750
West Midlands, 9/30/2011,144000
West Midlands,12/31/2012,145000
West Midlands, 6/30/2011,145000
West Midlands, 6/30/2007,145000
West Midlands, 9/30/2008,145000
West Midlands, 6/30/2010,145000
West Midlands, 9/30/2012,145000
West Midlands, 3/31/2013,145950
West Midlands, 9/30/2007,146000
West Midlands, 3/31/2011,146500
West Midlands, 6/30/2008,147000
West Midlands, 6/30/2013,147000
West Midlands,12/31/2007,147000
West Midlands,12/31/2010,147000
West Midlands, 9/30/2010,147500
West Midlands, 3/31/2008,148000
West Midlands, 9/30/2013,148000
West Midlands,12/31/2013,149995
West Midlands, 3/31/2014,150000
West Midlands, 6/30/2014,152500
West Midlands, 9/30/2014,155000
West Midlands,12/31/2014,156000
West Midlands, 3/31/2015,158000
West Midlands, 6/30/2015,159995
West Midlands, 9/30/2015,161000
West Midlands,12/31/2015,164000
West Midlands, 3/31/2016,164995
West Midlands, 6/30/2016,165500
West Midlands, 9/30/2016,168000
West Midlands,12/31/2016,170000
West Midlands, 3/31/2017,174995
West Midlands, 6/30/2017,175000
West Midlands, 9/30/2017,178000
West Midlands,12/31/2017,180000
West Midlands,  4/1/2018,183000
West Midlands,  6/1/2018,185000
West Midlands,  9/1/2018,188000
West Midlands, 12/1/2018,190000
West Midlands,  3/1/2019,191000
West Midlands,  6/1/2019,193995
West Midlands, 12/1/2019,195000
West Midlands,  9/1/2019,195000
West Midlands,  3/1/2020,198000
West Midlands,  6/1/2020,199950
West Midlands,  9/1/2020,200000
West Midlands, 12/1/2020,209000
West Midlands,  3/1/2021,217500
Yorkshire and The Humber, 3/31/1996,45500
Yorkshire and The Humber,12/31/1995,45500
Yorkshire and The Humber, 6/30/1996,45600
Yorkshire and The Humber, 9/30/1996,46000
Yorkshire and The Humber,12/31/1996,46600
Yorkshire and The Humber, 3/31/1997,47000
Yorkshire and The Humber, 6/30/1997,47995
Yorkshire and The Humber, 9/30/1997,48500
Yorkshire and The Humber,12/31/1997,48950
Yorkshire and The Humber, 3/31/1998,49000
Yorkshire and The Humber, 6/30/1998,49500
Yorkshire and The Humber, 9/30/1998,49950
Yorkshire and The Humber, 3/31/1999,50000
Yorkshire and The Humber,12/31/1998,50000
Yorkshire and The Humber, 6/30/1999,51000
Yorkshire and The Humber, 9/30/1999,52000
Yorkshire and The Humber,12/31/1999,53000
Yorkshire and The Humber, 3/31/2000,53950
Yorkshire and The Humber, 6/30/2000,54950
Yorkshire and The Humber, 9/30/2000,55000
Yorkshire and The Humber,12/31/2000,56000
Yorkshire and The Humber, 3/31/2001,56950
Yorkshire and The Humber, 6/30/2001,58000
Yorkshire and The Humber, 9/30/2001,59000
Yorkshire and The Humber,12/31/2001,59950
Yorkshire and The Humber, 3/31/2002,60000
Yorkshire and The Humber, 6/30/2002,64000
Yorkshire and The Humber, 9/30/2002,66950
Yorkshire and The Humber,12/31/2002,70000
Yorkshire and The Humber, 3/31/2003,74000
Yorkshire and The Humber, 6/30/2003,77995
Yorkshire and The Humber, 9/30/2003,82500
Yorkshire and The Humber,12/31/2003,87950
Yorkshire and The Humber, 3/31/2004,91000
Yorkshire and The Humber, 6/30/2004,98000
Yorkshire and The Humber, 9/30/2004,105000
Yorkshire and The Humber,12/31/2004,110000
Yorkshire and The Humber, 3/31/2005,115000
Yorkshire and The Humber, 6/30/2005,116150
Yorkshire and The Humber, 9/30/2005,118250
Yorkshire and The Humber,12/31/2005,119995
Yorkshire and The Humber, 3/31/2006,120000
Yorkshire and The Humber, 6/30/2006,123500
Yorkshire and The Humber, 6/30/2009,125000
Yorkshire and The Humber, 9/30/2006,125000
Yorkshire and The Humber, 9/30/2009,126500
Yorkshire and The Humber, 3/31/2009,127497.5
Yorkshire and The Humber,12/31/2006,128500
Yorkshire and The Humber, 3/31/2007,130000
Yorkshire and The Humber, 6/30/2012,130000
Yorkshire and The Humber, 9/30/2011,130000
Yorkshire and The Humber, 9/30/2012,130000
Yorkshire and The Humber,12/31/2012,130000
Yorkshire and The Humber, 3/31/2012,130000
Yorkshire and The Humber, 6/30/2013,130000
Yorkshire and The Humber,12/31/2009,130000
Yorkshire and The Humber,12/31/2008,130000
Yorkshire and The Humber,12/31/2011,130000
Yorkshire and The Humber, 3/31/2013,130000
Yorkshire and The Humber, 3/31/2010,131000
Yorkshire and The Humber, 6/30/2011,132000
Yorkshire and The Humber, 9/30/2013,132000
Yorkshire and The Humber, 6/30/2007,132000
Yorkshire and The Humber, 9/30/2008,134000
Yorkshire and The Humber, 9/30/2007,134500
Yorkshire and The Humber, 3/31/2011,134500
Yorkshire and The Humber,12/31/2013,134950
Yorkshire and The Humber,12/31/2010,135000
Yorkshire and The Humber, 6/30/2008,135000
Yorkshire and The Humber, 6/30/2010,135000
Yorkshire and The Humber, 9/30/2010,135000
Yorkshire and The Humber,12/31/2007,135000
Yorkshire and The Humber, 3/31/2014,135000
Yorkshire and The Humber, 3/31/2008,136000
Yorkshire and The Humber, 6/30/2014,137000
Yorkshire and The Humber, 9/30/2014,138500
Yorkshire and The Humber,12/31/2014,139995
Yorkshire and The Humber, 3/31/2015,140000
Yorkshire and The Humber, 6/30/2015,140500
Yorkshire and The Humber, 9/30/2015,143000
Yorkshire and The Humber, 3/31/2016,145000
Yorkshire and The Humber,12/31/2015,145000
Yorkshire and The Humber, 6/30/2016,147500
Yorkshire and The Humber, 9/30/2016,149950
Yorkshire and The Humber,12/31/2016,150000
Yorkshire and The Humber, 3/31/2017,152000
Yorkshire and The Humber, 6/30/2017,154000
Yorkshire and The Humber, 9/30/2017,155000
Yorkshire and The Humber,12/31/2017,155000
Yorkshire and The Humber,  4/1/2018,157000
Yorkshire and The Humber,  6/1/2018,158000
Yorkshire and The Humber,  9/1/2018,160000
Yorkshire and The Humber, 12/1/2018,160000
Yorkshire and The Humber,  3/1/2019,161000
Yorkshire and The Humber,  6/1/2019,162500
Yorkshire and The Humber,  9/1/2019,164950
Yorkshire and The Humber, 12/1/2019,165000
Yorkshire and The Humber,  3/1/2020,167000
Yorkshire and The Humber,  6/1/2020,167500
Yorkshire and The Humber,  9/1/2020,170000
Yorkshire and The Humber, 12/1/2020,173000
Yorkshire and The Humber,  3/1/2021,180000
